date,framework_status-etat_cadre,notification_permission-permission_notif,count-nombre
2021-02-25,enabled-active,blocked-bloque,0
2021-02-25,enabled-active,granted-autorise,5
2021-02-25,enabled-active,denied-refuse,0
2021-02-25,disabled-desactive,blocked-bloque,0
2021-02-25,disabled-desactive,granted-autorise,0
2021-02-25,disabled-desactive,denied-refuse,0
2021-02-26,enabled-active,blocked-bloque,0
2021-02-26,enabled-active,granted-autorise,7
2021-02-26,enabled-active,denied-refuse,0
2021-02-26,disabled-desactive,blocked-bloque,0
2021-02-26,disabled-desactive,granted-autorise,10
2021-02-26,disabled-desactive,denied-refuse,0
2021-02-27,enabled-active,blocked-bloque,0
2021-02-27,enabled-active,granted-autorise,0
2021-02-27,enabled-active,denied-refuse,0
2021-02-27,disabled-desactive,blocked-bloque,0
2021-02-27,disabled-desactive,granted-autorise,0
2021-02-27,disabled-desactive,denied-refuse,0
2021-02-28,enabled-active,blocked-bloque,0
2021-02-28,enabled-active,granted-autorise,0
2021-02-28,enabled-active,denied-refuse,0
2021-02-28,disabled-desactive,blocked-bloque,0
2021-02-28,disabled-desactive,granted-autorise,0
2021-02-28,disabled-desactive,denied-refuse,0
2021-03-01,enabled-active,blocked-bloque,0
2021-03-01,enabled-active,granted-autorise,0
2021-03-01,enabled-active,denied-refuse,0
2021-03-01,disabled-desactive,blocked-bloque,0
2021-03-01,disabled-desactive,granted-autorise,0
2021-03-01,disabled-desactive,denied-refuse,0
2021-03-02,enabled-active,blocked-bloque,0
2021-03-02,enabled-active,granted-autorise,0
2021-03-02,enabled-active,denied-refuse,0
2021-03-02,disabled-desactive,blocked-bloque,0
2021-03-02,disabled-desactive,granted-autorise,0
2021-03-02,disabled-desactive,denied-refuse,0
2021-03-03,enabled-active,blocked-bloque,0
2021-03-03,enabled-active,granted-autorise,0
2021-03-03,enabled-active,denied-refuse,0
2021-03-03,disabled-desactive,blocked-bloque,0
2021-03-03,disabled-desactive,granted-autorise,0
2021-03-03,disabled-desactive,denied-refuse,0
2021-03-04,enabled-active,blocked-bloque,0
2021-03-04,enabled-active,granted-autorise,2
2021-03-04,enabled-active,denied-refuse,0
2021-03-04,disabled-desactive,blocked-bloque,0
2021-03-04,disabled-desactive,granted-autorise,0
2021-03-04,disabled-desactive,denied-refuse,0
2021-03-05,enabled-active,blocked-bloque,0
2021-03-05,enabled-active,granted-autorise,0
2021-03-05,enabled-active,denied-refuse,0
2021-03-05,disabled-desactive,blocked-bloque,0
2021-03-05,disabled-desactive,granted-autorise,0
2021-03-05,disabled-desactive,denied-refuse,0
2021-03-06,enabled-active,blocked-bloque,0
2021-03-06,enabled-active,granted-autorise,0
2021-03-06,enabled-active,denied-refuse,0
2021-03-06,disabled-desactive,blocked-bloque,0
2021-03-06,disabled-desactive,granted-autorise,0
2021-03-06,disabled-desactive,denied-refuse,0
2021-03-07,enabled-active,blocked-bloque,0
2021-03-07,enabled-active,granted-autorise,0
2021-03-07,enabled-active,denied-refuse,0
2021-03-07,disabled-desactive,blocked-bloque,0
2021-03-07,disabled-desactive,granted-autorise,0
2021-03-07,disabled-desactive,denied-refuse,0
2021-03-08,enabled-active,blocked-bloque,0
2021-03-08,enabled-active,granted-autorise,0
2021-03-08,enabled-active,denied-refuse,0
2021-03-08,disabled-desactive,blocked-bloque,0
2021-03-08,disabled-desactive,granted-autorise,0
2021-03-08,disabled-desactive,denied-refuse,0
2021-03-09,enabled-active,blocked-bloque,0
2021-03-09,enabled-active,granted-autorise,0
2021-03-09,enabled-active,denied-refuse,0
2021-03-09,disabled-desactive,blocked-bloque,0
2021-03-09,disabled-desactive,granted-autorise,0
2021-03-09,disabled-desactive,denied-refuse,0
2021-03-10,enabled-active,blocked-bloque,0
2021-03-10,enabled-active,granted-autorise,0
2021-03-10,enabled-active,denied-refuse,0
2021-03-10,disabled-desactive,blocked-bloque,0
2021-03-10,disabled-desactive,granted-autorise,0
2021-03-10,disabled-desactive,denied-refuse,0
2021-03-11,enabled-active,blocked-bloque,0
2021-03-11,enabled-active,granted-autorise,0
2021-03-11,enabled-active,denied-refuse,0
2021-03-11,disabled-desactive,blocked-bloque,0
2021-03-11,disabled-desactive,granted-autorise,0
2021-03-11,disabled-desactive,denied-refuse,0
2021-03-12,enabled-active,blocked-bloque,0
2021-03-12,enabled-active,granted-autorise,2
2021-03-12,enabled-active,denied-refuse,0
2021-03-12,disabled-desactive,blocked-bloque,0
2021-03-12,disabled-desactive,granted-autorise,0
2021-03-12,disabled-desactive,denied-refuse,0
2021-03-13,enabled-active,blocked-bloque,0
2021-03-13,enabled-active,granted-autorise,0
2021-03-13,enabled-active,denied-refuse,0
2021-03-13,disabled-desactive,blocked-bloque,0
2021-03-13,disabled-desactive,granted-autorise,0
2021-03-13,disabled-desactive,denied-refuse,0
2021-03-14,enabled-active,blocked-bloque,0
2021-03-14,enabled-active,granted-autorise,0
2021-03-14,enabled-active,denied-refuse,0
2021-03-14,disabled-desactive,blocked-bloque,0
2021-03-14,disabled-desactive,granted-autorise,0
2021-03-14,disabled-desactive,denied-refuse,0
2021-03-15,enabled-active,blocked-bloque,0
2021-03-15,enabled-active,granted-autorise,0
2021-03-15,enabled-active,denied-refuse,0
2021-03-15,disabled-desactive,blocked-bloque,0
2021-03-15,disabled-desactive,granted-autorise,0
2021-03-15,disabled-desactive,denied-refuse,0
2021-03-16,enabled-active,blocked-bloque,0
2021-03-16,enabled-active,granted-autorise,0
2021-03-16,enabled-active,denied-refuse,0
2021-03-16,disabled-desactive,blocked-bloque,0
2021-03-16,disabled-desactive,granted-autorise,0
2021-03-16,disabled-desactive,denied-refuse,0
2021-03-17,enabled-active,blocked-bloque,0
2021-03-17,enabled-active,granted-autorise,0
2021-03-17,enabled-active,denied-refuse,0
2021-03-17,disabled-desactive,blocked-bloque,0
2021-03-17,disabled-desactive,granted-autorise,0
2021-03-17,disabled-desactive,denied-refuse,0
2021-03-18,enabled-active,blocked-bloque,0
2021-03-18,enabled-active,granted-autorise,0
2021-03-18,enabled-active,denied-refuse,0
2021-03-18,disabled-desactive,blocked-bloque,0
2021-03-18,disabled-desactive,granted-autorise,0
2021-03-18,disabled-desactive,denied-refuse,0
2021-03-19,enabled-active,blocked-bloque,0
2021-03-19,enabled-active,granted-autorise,0
2021-03-19,enabled-active,denied-refuse,0
2021-03-19,disabled-desactive,blocked-bloque,0
2021-03-19,disabled-desactive,granted-autorise,0
2021-03-19,disabled-desactive,denied-refuse,0
2021-03-20,enabled-active,blocked-bloque,0
2021-03-20,enabled-active,granted-autorise,0
2021-03-20,enabled-active,denied-refuse,0
2021-03-20,disabled-desactive,blocked-bloque,0
2021-03-20,disabled-desactive,granted-autorise,0
2021-03-20,disabled-desactive,denied-refuse,0
2021-03-21,enabled-active,blocked-bloque,0
2021-03-21,enabled-active,granted-autorise,0
2021-03-21,enabled-active,denied-refuse,0
2021-03-21,disabled-desactive,blocked-bloque,0
2021-03-21,disabled-desactive,granted-autorise,0
2021-03-21,disabled-desactive,denied-refuse,0
2021-03-22,enabled-active,blocked-bloque,0
2021-03-22,enabled-active,granted-autorise,1
2021-03-22,enabled-active,denied-refuse,0
2021-03-22,disabled-desactive,blocked-bloque,0
2021-03-22,disabled-desactive,granted-autorise,0
2021-03-22,disabled-desactive,denied-refuse,0
2021-03-23,enabled-active,blocked-bloque,0
2021-03-23,enabled-active,granted-autorise,3
2021-03-23,enabled-active,denied-refuse,0
2021-03-23,disabled-desactive,blocked-bloque,0
2021-03-23,disabled-desactive,granted-autorise,0
2021-03-23,disabled-desactive,denied-refuse,0
2021-03-24,enabled-active,blocked-bloque,0
2021-03-24,enabled-active,granted-autorise,13
2021-03-24,enabled-active,denied-refuse,0
2021-03-24,disabled-desactive,blocked-bloque,0
2021-03-24,disabled-desactive,granted-autorise,1
2021-03-24,disabled-desactive,denied-refuse,0
2021-03-25,enabled-active,blocked-bloque,0
2021-03-25,enabled-active,granted-autorise,7
2021-03-25,enabled-active,denied-refuse,0
2021-03-25,disabled-desactive,blocked-bloque,0
2021-03-25,disabled-desactive,granted-autorise,0
2021-03-25,disabled-desactive,denied-refuse,0
2021-03-26,enabled-active,blocked-bloque,0
2021-03-26,enabled-active,granted-autorise,1
2021-03-26,enabled-active,denied-refuse,0
2021-03-26,disabled-desactive,blocked-bloque,0
2021-03-26,disabled-desactive,granted-autorise,0
2021-03-26,disabled-desactive,denied-refuse,0
2021-03-27,enabled-active,blocked-bloque,0
2021-03-27,enabled-active,granted-autorise,0
2021-03-27,enabled-active,denied-refuse,0
2021-03-27,disabled-desactive,blocked-bloque,0
2021-03-27,disabled-desactive,granted-autorise,0
2021-03-27,disabled-desactive,denied-refuse,0
2021-03-28,enabled-active,blocked-bloque,0
2021-03-28,enabled-active,granted-autorise,0
2021-03-28,enabled-active,denied-refuse,0
2021-03-28,disabled-desactive,blocked-bloque,0
2021-03-28,disabled-desactive,granted-autorise,0
2021-03-28,disabled-desactive,denied-refuse,0
2021-03-29,enabled-active,blocked-bloque,0
2021-03-29,enabled-active,granted-autorise,2
2021-03-29,enabled-active,denied-refuse,0
2021-03-29,disabled-desactive,blocked-bloque,0
2021-03-29,disabled-desactive,granted-autorise,0
2021-03-29,disabled-desactive,denied-refuse,0
2021-03-30,enabled-active,blocked-bloque,0
2021-03-30,enabled-active,granted-autorise,0
2021-03-30,enabled-active,denied-refuse,0
2021-03-30,disabled-desactive,blocked-bloque,0
2021-03-30,disabled-desactive,granted-autorise,0
2021-03-30,disabled-desactive,denied-refuse,0
2021-03-31,enabled-active,blocked-bloque,0
2021-03-31,enabled-active,granted-autorise,6
2021-03-31,enabled-active,denied-refuse,0
2021-03-31,disabled-desactive,blocked-bloque,0
2021-03-31,disabled-desactive,granted-autorise,0
2021-03-31,disabled-desactive,denied-refuse,0
2021-04-01,enabled-active,blocked-bloque,0
2021-04-01,enabled-active,granted-autorise,0
2021-04-01,enabled-active,denied-refuse,0
2021-04-01,disabled-desactive,blocked-bloque,0
2021-04-01,disabled-desactive,granted-autorise,0
2021-04-01,disabled-desactive,denied-refuse,0
2021-04-02,enabled-active,blocked-bloque,0
2021-04-02,enabled-active,granted-autorise,1
2021-04-02,enabled-active,denied-refuse,0
2021-04-02,disabled-desactive,blocked-bloque,0
2021-04-02,disabled-desactive,granted-autorise,0
2021-04-02,disabled-desactive,denied-refuse,0
2021-04-03,enabled-active,blocked-bloque,0
2021-04-03,enabled-active,granted-autorise,0
2021-04-03,enabled-active,denied-refuse,0
2021-04-03,disabled-desactive,blocked-bloque,0
2021-04-03,disabled-desactive,granted-autorise,0
2021-04-03,disabled-desactive,denied-refuse,0
2021-04-04,enabled-active,blocked-bloque,0
2021-04-04,enabled-active,granted-autorise,0
2021-04-04,enabled-active,denied-refuse,0
2021-04-04,disabled-desactive,blocked-bloque,0
2021-04-04,disabled-desactive,granted-autorise,0
2021-04-04,disabled-desactive,denied-refuse,0
2021-04-05,enabled-active,blocked-bloque,0
2021-04-05,enabled-active,granted-autorise,0
2021-04-05,enabled-active,denied-refuse,0
2021-04-05,disabled-desactive,blocked-bloque,0
2021-04-05,disabled-desactive,granted-autorise,0
2021-04-05,disabled-desactive,denied-refuse,0
2021-04-06,enabled-active,blocked-bloque,0
2021-04-06,enabled-active,granted-autorise,2
2021-04-06,enabled-active,denied-refuse,0
2021-04-06,disabled-desactive,blocked-bloque,0
2021-04-06,disabled-desactive,granted-autorise,1
2021-04-06,disabled-desactive,denied-refuse,0
2021-04-07,enabled-active,blocked-bloque,0
2021-04-07,enabled-active,granted-autorise,0
2021-04-07,enabled-active,denied-refuse,0
2021-04-07,disabled-desactive,blocked-bloque,0
2021-04-07,disabled-desactive,granted-autorise,0
2021-04-07,disabled-desactive,denied-refuse,0
2021-04-08,enabled-active,blocked-bloque,0
2021-04-08,enabled-active,granted-autorise,1
2021-04-08,enabled-active,denied-refuse,0
2021-04-08,disabled-desactive,blocked-bloque,0
2021-04-08,disabled-desactive,granted-autorise,0
2021-04-08,disabled-desactive,denied-refuse,0
2021-04-09,enabled-active,blocked-bloque,0
2021-04-09,enabled-active,granted-autorise,2
2021-04-09,enabled-active,denied-refuse,0
2021-04-09,disabled-desactive,blocked-bloque,0
2021-04-09,disabled-desactive,granted-autorise,2
2021-04-09,disabled-desactive,denied-refuse,0
2021-04-10,enabled-active,blocked-bloque,0
2021-04-10,enabled-active,granted-autorise,0
2021-04-10,enabled-active,denied-refuse,0
2021-04-10,disabled-desactive,blocked-bloque,0
2021-04-10,disabled-desactive,granted-autorise,0
2021-04-10,disabled-desactive,denied-refuse,0
2021-04-11,enabled-active,blocked-bloque,0
2021-04-11,enabled-active,granted-autorise,0
2021-04-11,enabled-active,denied-refuse,0
2021-04-11,disabled-desactive,blocked-bloque,0
2021-04-11,disabled-desactive,granted-autorise,0
2021-04-11,disabled-desactive,denied-refuse,0
2021-04-12,enabled-active,blocked-bloque,0
2021-04-12,enabled-active,granted-autorise,0
2021-04-12,enabled-active,denied-refuse,0
2021-04-12,disabled-desactive,blocked-bloque,0
2021-04-12,disabled-desactive,granted-autorise,0
2021-04-12,disabled-desactive,denied-refuse,0
2021-04-13,enabled-active,blocked-bloque,0
2021-04-13,enabled-active,granted-autorise,0
2021-04-13,enabled-active,denied-refuse,0
2021-04-13,disabled-desactive,blocked-bloque,0
2021-04-13,disabled-desactive,granted-autorise,0
2021-04-13,disabled-desactive,denied-refuse,0
2021-04-14,enabled-active,blocked-bloque,0
2021-04-14,enabled-active,granted-autorise,1
2021-04-14,enabled-active,denied-refuse,0
2021-04-14,disabled-desactive,blocked-bloque,0
2021-04-14,disabled-desactive,granted-autorise,0
2021-04-14,disabled-desactive,denied-refuse,0
2021-04-15,enabled-active,blocked-bloque,0
2021-04-15,enabled-active,granted-autorise,0
2021-04-15,enabled-active,denied-refuse,0
2021-04-15,disabled-desactive,blocked-bloque,0
2021-04-15,disabled-desactive,granted-autorise,0
2021-04-15,disabled-desactive,denied-refuse,0
2021-04-16,enabled-active,blocked-bloque,0
2021-04-16,enabled-active,granted-autorise,0
2021-04-16,enabled-active,denied-refuse,0
2021-04-16,disabled-desactive,blocked-bloque,0
2021-04-16,disabled-desactive,granted-autorise,0
2021-04-16,disabled-desactive,denied-refuse,0
2021-04-17,enabled-active,blocked-bloque,0
2021-04-17,enabled-active,granted-autorise,0
2021-04-17,enabled-active,denied-refuse,0
2021-04-17,disabled-desactive,blocked-bloque,0
2021-04-17,disabled-desactive,granted-autorise,0
2021-04-17,disabled-desactive,denied-refuse,0
2021-04-18,enabled-active,blocked-bloque,0
2021-04-18,enabled-active,granted-autorise,0
2021-04-18,enabled-active,denied-refuse,0
2021-04-18,disabled-desactive,blocked-bloque,0
2021-04-18,disabled-desactive,granted-autorise,0
2021-04-18,disabled-desactive,denied-refuse,0
2021-04-19,enabled-active,blocked-bloque,0
2021-04-19,enabled-active,granted-autorise,0
2021-04-19,enabled-active,denied-refuse,0
2021-04-19,disabled-desactive,blocked-bloque,0
2021-04-19,disabled-desactive,granted-autorise,0
2021-04-19,disabled-desactive,denied-refuse,0
2021-04-20,enabled-active,blocked-bloque,0
2021-04-20,enabled-active,granted-autorise,0
2021-04-20,enabled-active,denied-refuse,0
2021-04-20,disabled-desactive,blocked-bloque,0
2021-04-20,disabled-desactive,granted-autorise,0
2021-04-20,disabled-desactive,denied-refuse,0
2021-04-21,enabled-active,blocked-bloque,0
2021-04-21,enabled-active,granted-autorise,0
2021-04-21,enabled-active,denied-refuse,0
2021-04-21,disabled-desactive,blocked-bloque,0
2021-04-21,disabled-desactive,granted-autorise,0
2021-04-21,disabled-desactive,denied-refuse,0
2021-04-22,enabled-active,blocked-bloque,0
2021-04-22,enabled-active,granted-autorise,0
2021-04-22,enabled-active,denied-refuse,0
2021-04-22,disabled-desactive,blocked-bloque,0
2021-04-22,disabled-desactive,granted-autorise,0
2021-04-22,disabled-desactive,denied-refuse,0
2021-04-23,enabled-active,blocked-bloque,0
2021-04-23,enabled-active,granted-autorise,0
2021-04-23,enabled-active,denied-refuse,0
2021-04-23,disabled-desactive,blocked-bloque,0
2021-04-23,disabled-desactive,granted-autorise,0
2021-04-23,disabled-desactive,denied-refuse,0
2021-04-24,enabled-active,blocked-bloque,0
2021-04-24,enabled-active,granted-autorise,0
2021-04-24,enabled-active,denied-refuse,0
2021-04-24,disabled-desactive,blocked-bloque,0
2021-04-24,disabled-desactive,granted-autorise,0
2021-04-24,disabled-desactive,denied-refuse,0
2021-04-25,enabled-active,blocked-bloque,0
2021-04-25,enabled-active,granted-autorise,0
2021-04-25,enabled-active,denied-refuse,0
2021-04-25,disabled-desactive,blocked-bloque,0
2021-04-25,disabled-desactive,granted-autorise,0
2021-04-25,disabled-desactive,denied-refuse,0
2021-04-26,enabled-active,blocked-bloque,0
2021-04-26,enabled-active,granted-autorise,1
2021-04-26,enabled-active,denied-refuse,0
2021-04-26,disabled-desactive,blocked-bloque,0
2021-04-26,disabled-desactive,granted-autorise,0
2021-04-26,disabled-desactive,denied-refuse,0
2021-04-27,enabled-active,blocked-bloque,0
2021-04-27,enabled-active,granted-autorise,0
2021-04-27,enabled-active,denied-refuse,0
2021-04-27,disabled-desactive,blocked-bloque,0
2021-04-27,disabled-desactive,granted-autorise,0
2021-04-27,disabled-desactive,denied-refuse,0
2021-04-28,enabled-active,blocked-bloque,0
2021-04-28,enabled-active,granted-autorise,0
2021-04-28,enabled-active,denied-refuse,0
2021-04-28,disabled-desactive,blocked-bloque,0
2021-04-28,disabled-desactive,granted-autorise,0
2021-04-28,disabled-desactive,denied-refuse,0
2021-04-29,enabled-active,blocked-bloque,0
2021-04-29,enabled-active,granted-autorise,19
2021-04-29,enabled-active,denied-refuse,0
2021-04-29,disabled-desactive,blocked-bloque,1
2021-04-29,disabled-desactive,granted-autorise,2
2021-04-29,disabled-desactive,denied-refuse,0
2021-04-30,enabled-active,blocked-bloque,0
2021-04-30,enabled-active,granted-autorise,13
2021-04-30,enabled-active,denied-refuse,0
2021-04-30,disabled-desactive,blocked-bloque,0
2021-04-30,disabled-desactive,granted-autorise,6
2021-04-30,disabled-desactive,denied-refuse,1
2021-05-01,enabled-active,blocked-bloque,0
2021-05-01,enabled-active,granted-autorise,2
2021-05-01,enabled-active,denied-refuse,0
2021-05-01,disabled-desactive,blocked-bloque,0
2021-05-01,disabled-desactive,granted-autorise,0
2021-05-01,disabled-desactive,denied-refuse,0
2021-05-02,enabled-active,blocked-bloque,0
2021-05-02,enabled-active,granted-autorise,0
2021-05-02,enabled-active,denied-refuse,0
2021-05-02,disabled-desactive,blocked-bloque,0
2021-05-02,disabled-desactive,granted-autorise,0
2021-05-02,disabled-desactive,denied-refuse,0
2021-05-03,enabled-active,blocked-bloque,0
2021-05-03,enabled-active,granted-autorise,14
2021-05-03,enabled-active,denied-refuse,0
2021-05-03,disabled-desactive,blocked-bloque,0
2021-05-03,disabled-desactive,granted-autorise,4
2021-05-03,disabled-desactive,denied-refuse,0
2021-05-04,enabled-active,blocked-bloque,0
2021-05-04,enabled-active,granted-autorise,19
2021-05-04,enabled-active,denied-refuse,0
2021-05-04,disabled-desactive,blocked-bloque,0
2021-05-04,disabled-desactive,granted-autorise,13
2021-05-04,disabled-desactive,denied-refuse,1
2021-05-05,enabled-active,blocked-bloque,0
2021-05-05,enabled-active,granted-autorise,19
2021-05-05,enabled-active,denied-refuse,0
2021-05-05,disabled-desactive,blocked-bloque,0
2021-05-05,disabled-desactive,granted-autorise,0
2021-05-05,disabled-desactive,denied-refuse,0
2021-05-06,enabled-active,blocked-bloque,0
2021-05-06,enabled-active,granted-autorise,25
2021-05-06,enabled-active,denied-refuse,0
2021-05-06,disabled-desactive,blocked-bloque,0
2021-05-06,disabled-desactive,granted-autorise,5
2021-05-06,disabled-desactive,denied-refuse,0
2021-05-07,enabled-active,blocked-bloque,0
2021-05-07,enabled-active,granted-autorise,10
2021-05-07,enabled-active,denied-refuse,0
2021-05-07,disabled-desactive,blocked-bloque,0
2021-05-07,disabled-desactive,granted-autorise,1
2021-05-07,disabled-desactive,denied-refuse,0
2021-05-08,enabled-active,blocked-bloque,0
2021-05-08,enabled-active,granted-autorise,0
2021-05-08,enabled-active,denied-refuse,0
2021-05-08,disabled-desactive,blocked-bloque,0
2021-05-08,disabled-desactive,granted-autorise,0
2021-05-08,disabled-desactive,denied-refuse,0
2021-05-09,enabled-active,blocked-bloque,0
2021-05-09,enabled-active,granted-autorise,0
2021-05-09,enabled-active,denied-refuse,0
2021-05-09,disabled-desactive,blocked-bloque,0
2021-05-09,disabled-desactive,granted-autorise,0
2021-05-09,disabled-desactive,denied-refuse,0
2021-05-10,enabled-active,blocked-bloque,0
2021-05-10,enabled-active,granted-autorise,10
2021-05-10,enabled-active,denied-refuse,0
2021-05-10,disabled-desactive,blocked-bloque,0
2021-05-10,disabled-desactive,granted-autorise,3
2021-05-10,disabled-desactive,denied-refuse,0
2021-05-11,enabled-active,blocked-bloque,0
2021-05-11,enabled-active,granted-autorise,19
2021-05-11,enabled-active,denied-refuse,0
2021-05-11,disabled-desactive,blocked-bloque,0
2021-05-11,disabled-desactive,granted-autorise,2
2021-05-11,disabled-desactive,denied-refuse,0
2021-05-12,enabled-active,blocked-bloque,0
2021-05-12,enabled-active,granted-autorise,30
2021-05-12,enabled-active,denied-refuse,0
2021-05-12,disabled-desactive,blocked-bloque,0
2021-05-12,disabled-desactive,granted-autorise,5
2021-05-12,disabled-desactive,denied-refuse,0
2021-05-13,enabled-active,blocked-bloque,0
2021-05-13,enabled-active,granted-autorise,9
2021-05-13,enabled-active,denied-refuse,0
2021-05-13,disabled-desactive,blocked-bloque,0
2021-05-13,disabled-desactive,granted-autorise,3
2021-05-13,disabled-desactive,denied-refuse,0
2021-05-14,enabled-active,blocked-bloque,0
2021-05-14,enabled-active,granted-autorise,3
2021-05-14,enabled-active,denied-refuse,0
2021-05-14,disabled-desactive,blocked-bloque,0
2021-05-14,disabled-desactive,granted-autorise,0
2021-05-14,disabled-desactive,denied-refuse,0
2021-05-15,enabled-active,blocked-bloque,0
2021-05-15,enabled-active,granted-autorise,0
2021-05-15,enabled-active,denied-refuse,0
2021-05-15,disabled-desactive,blocked-bloque,0
2021-05-15,disabled-desactive,granted-autorise,0
2021-05-15,disabled-desactive,denied-refuse,0
2021-05-16,enabled-active,blocked-bloque,0
2021-05-16,enabled-active,granted-autorise,0
2021-05-16,enabled-active,denied-refuse,0
2021-05-16,disabled-desactive,blocked-bloque,0
2021-05-16,disabled-desactive,granted-autorise,0
2021-05-16,disabled-desactive,denied-refuse,0
2021-05-17,enabled-active,blocked-bloque,0
2021-05-17,enabled-active,granted-autorise,12
2021-05-17,enabled-active,denied-refuse,0
2021-05-17,disabled-desactive,blocked-bloque,0
2021-05-17,disabled-desactive,granted-autorise,5
2021-05-17,disabled-desactive,denied-refuse,0
2021-05-18,enabled-active,blocked-bloque,0
2021-05-18,enabled-active,granted-autorise,6
2021-05-18,enabled-active,denied-refuse,0
2021-05-18,disabled-desactive,blocked-bloque,0
2021-05-18,disabled-desactive,granted-autorise,1
2021-05-18,disabled-desactive,denied-refuse,0
2021-05-19,enabled-active,blocked-bloque,0
2021-05-19,enabled-active,granted-autorise,2
2021-05-19,enabled-active,denied-refuse,0
2021-05-19,disabled-desactive,blocked-bloque,0
2021-05-19,disabled-desactive,granted-autorise,0
2021-05-19,disabled-desactive,denied-refuse,0
2021-05-20,enabled-active,blocked-bloque,0
2021-05-20,enabled-active,granted-autorise,7
2021-05-20,enabled-active,denied-refuse,0
2021-05-20,disabled-desactive,blocked-bloque,0
2021-05-20,disabled-desactive,granted-autorise,0
2021-05-20,disabled-desactive,denied-refuse,0
2021-05-21,enabled-active,blocked-bloque,0
2021-05-21,enabled-active,granted-autorise,7
2021-05-21,enabled-active,denied-refuse,0
2021-05-21,disabled-desactive,blocked-bloque,1
2021-05-21,disabled-desactive,granted-autorise,4
2021-05-21,disabled-desactive,denied-refuse,0
2021-05-22,enabled-active,blocked-bloque,0
2021-05-22,enabled-active,granted-autorise,0
2021-05-22,enabled-active,denied-refuse,0
2021-05-22,disabled-desactive,blocked-bloque,0
2021-05-22,disabled-desactive,granted-autorise,0
2021-05-22,disabled-desactive,denied-refuse,0
2021-05-23,enabled-active,blocked-bloque,0
2021-05-23,enabled-active,granted-autorise,0
2021-05-23,enabled-active,denied-refuse,0
2021-05-23,disabled-desactive,blocked-bloque,0
2021-05-23,disabled-desactive,granted-autorise,0
2021-05-23,disabled-desactive,denied-refuse,0
2021-05-24,enabled-active,blocked-bloque,0
2021-05-24,enabled-active,granted-autorise,0
2021-05-24,enabled-active,denied-refuse,0
2021-05-24,disabled-desactive,blocked-bloque,0
2021-05-24,disabled-desactive,granted-autorise,0
2021-05-24,disabled-desactive,denied-refuse,0
2021-05-25,enabled-active,blocked-bloque,0
2021-05-25,enabled-active,granted-autorise,1
2021-05-25,enabled-active,denied-refuse,0
2021-05-25,disabled-desactive,blocked-bloque,0
2021-05-25,disabled-desactive,granted-autorise,0
2021-05-25,disabled-desactive,denied-refuse,0
2021-05-26,enabled-active,blocked-bloque,0
2021-05-26,enabled-active,granted-autorise,1
2021-05-26,enabled-active,denied-refuse,0
2021-05-26,disabled-desactive,blocked-bloque,0
2021-05-26,disabled-desactive,granted-autorise,0
2021-05-26,disabled-desactive,denied-refuse,0
2021-05-27,enabled-active,blocked-bloque,0
2021-05-27,enabled-active,granted-autorise,1
2021-05-27,enabled-active,denied-refuse,0
2021-05-27,disabled-desactive,blocked-bloque,0
2021-05-27,disabled-desactive,granted-autorise,0
2021-05-27,disabled-desactive,denied-refuse,0
2021-05-28,enabled-active,blocked-bloque,0
2021-05-28,enabled-active,granted-autorise,0
2021-05-28,enabled-active,denied-refuse,0
2021-05-28,disabled-desactive,blocked-bloque,0
2021-05-28,disabled-desactive,granted-autorise,0
2021-05-28,disabled-desactive,denied-refuse,0
2021-05-29,enabled-active,blocked-bloque,0
2021-05-29,enabled-active,granted-autorise,0
2021-05-29,enabled-active,denied-refuse,0
2021-05-29,disabled-desactive,blocked-bloque,0
2021-05-29,disabled-desactive,granted-autorise,0
2021-05-29,disabled-desactive,denied-refuse,0
2021-05-30,enabled-active,blocked-bloque,0
2021-05-30,enabled-active,granted-autorise,0
2021-05-30,enabled-active,denied-refuse,0
2021-05-30,disabled-desactive,blocked-bloque,0
2021-05-30,disabled-desactive,granted-autorise,0
2021-05-30,disabled-desactive,denied-refuse,0
2021-05-31,enabled-active,blocked-bloque,0
2021-05-31,enabled-active,granted-autorise,0
2021-05-31,enabled-active,denied-refuse,0
2021-05-31,disabled-desactive,blocked-bloque,0
2021-05-31,disabled-desactive,granted-autorise,0
2021-05-31,disabled-desactive,denied-refuse,0
2021-06-01,enabled-active,blocked-bloque,0
2021-06-01,enabled-active,granted-autorise,0
2021-06-01,enabled-active,denied-refuse,0
2021-06-01,disabled-desactive,blocked-bloque,0
2021-06-01,disabled-desactive,granted-autorise,0
2021-06-01,disabled-desactive,denied-refuse,0
2021-06-02,enabled-active,blocked-bloque,0
2021-06-02,enabled-active,granted-autorise,0
2021-06-02,enabled-active,denied-refuse,0
2021-06-02,disabled-desactive,blocked-bloque,0
2021-06-02,disabled-desactive,granted-autorise,0
2021-06-02,disabled-desactive,denied-refuse,0
2021-06-03,enabled-active,blocked-bloque,0
2021-06-03,enabled-active,granted-autorise,2
2021-06-03,enabled-active,denied-refuse,0
2021-06-03,disabled-desactive,blocked-bloque,0
2021-06-03,disabled-desactive,granted-autorise,0
2021-06-03,disabled-desactive,denied-refuse,0
2021-06-04,enabled-active,blocked-bloque,0
2021-06-04,enabled-active,granted-autorise,0
2021-06-04,enabled-active,denied-refuse,0
2021-06-04,disabled-desactive,blocked-bloque,0
2021-06-04,disabled-desactive,granted-autorise,0
2021-06-04,disabled-desactive,denied-refuse,0
2021-06-05,enabled-active,blocked-bloque,0
2021-06-05,enabled-active,granted-autorise,0
2021-06-05,enabled-active,denied-refuse,0
2021-06-05,disabled-desactive,blocked-bloque,0
2021-06-05,disabled-desactive,granted-autorise,0
2021-06-05,disabled-desactive,denied-refuse,0
2021-06-06,enabled-active,blocked-bloque,0
2021-06-06,enabled-active,granted-autorise,0
2021-06-06,enabled-active,denied-refuse,0
2021-06-06,disabled-desactive,blocked-bloque,0
2021-06-06,disabled-desactive,granted-autorise,0
2021-06-06,disabled-desactive,denied-refuse,0
2021-06-07,enabled-active,blocked-bloque,0
2021-06-07,enabled-active,granted-autorise,1
2021-06-07,enabled-active,denied-refuse,0
2021-06-07,disabled-desactive,blocked-bloque,0
2021-06-07,disabled-desactive,granted-autorise,0
2021-06-07,disabled-desactive,denied-refuse,0
2021-06-08,enabled-active,blocked-bloque,0
2021-06-08,enabled-active,granted-autorise,0
2021-06-08,enabled-active,denied-refuse,0
2021-06-08,disabled-desactive,blocked-bloque,0
2021-06-08,disabled-desactive,granted-autorise,0
2021-06-08,disabled-desactive,denied-refuse,0
2021-06-09,enabled-active,blocked-bloque,0
2021-06-09,enabled-active,granted-autorise,1
2021-06-09,enabled-active,denied-refuse,0
2021-06-09,disabled-desactive,blocked-bloque,0
2021-06-09,disabled-desactive,granted-autorise,0
2021-06-09,disabled-desactive,denied-refuse,0
2021-06-10,enabled-active,blocked-bloque,0
2021-06-10,enabled-active,granted-autorise,1
2021-06-10,enabled-active,denied-refuse,0
2021-06-10,disabled-desactive,blocked-bloque,0
2021-06-10,disabled-desactive,granted-autorise,0
2021-06-10,disabled-desactive,denied-refuse,0
2021-06-11,enabled-active,blocked-bloque,0
2021-06-11,enabled-active,granted-autorise,0
2021-06-11,enabled-active,denied-refuse,0
2021-06-11,disabled-desactive,blocked-bloque,0
2021-06-11,disabled-desactive,granted-autorise,0
2021-06-11,disabled-desactive,denied-refuse,0
2021-06-12,enabled-active,blocked-bloque,0
2021-06-12,enabled-active,granted-autorise,0
2021-06-12,enabled-active,denied-refuse,0
2021-06-12,disabled-desactive,blocked-bloque,0
2021-06-12,disabled-desactive,granted-autorise,0
2021-06-12,disabled-desactive,denied-refuse,0
2021-06-13,enabled-active,blocked-bloque,0
2021-06-13,enabled-active,granted-autorise,0
2021-06-13,enabled-active,denied-refuse,0
2021-06-13,disabled-desactive,blocked-bloque,0
2021-06-13,disabled-desactive,granted-autorise,0
2021-06-13,disabled-desactive,denied-refuse,0
2021-06-14,enabled-active,blocked-bloque,0
2021-06-14,enabled-active,granted-autorise,5
2021-06-14,enabled-active,denied-refuse,0
2021-06-14,disabled-desactive,blocked-bloque,0
2021-06-14,disabled-desactive,granted-autorise,4
2021-06-14,disabled-desactive,denied-refuse,0
2021-06-15,enabled-active,blocked-bloque,0
2021-06-15,enabled-active,granted-autorise,2
2021-06-15,enabled-active,denied-refuse,0
2021-06-15,disabled-desactive,blocked-bloque,0
2021-06-15,disabled-desactive,granted-autorise,2
2021-06-15,disabled-desactive,denied-refuse,0
2021-06-16,enabled-active,blocked-bloque,0
2021-06-16,enabled-active,granted-autorise,0
2021-06-16,enabled-active,denied-refuse,0
2021-06-16,disabled-desactive,blocked-bloque,0
2021-06-16,disabled-desactive,granted-autorise,0
2021-06-16,disabled-desactive,denied-refuse,0
2021-06-17,enabled-active,blocked-bloque,0
2021-06-17,enabled-active,granted-autorise,2
2021-06-17,enabled-active,denied-refuse,0
2021-06-17,disabled-desactive,blocked-bloque,0
2021-06-17,disabled-desactive,granted-autorise,0
2021-06-17,disabled-desactive,denied-refuse,0
2021-06-18,enabled-active,blocked-bloque,0
2021-06-18,enabled-active,granted-autorise,1
2021-06-18,enabled-active,denied-refuse,0
2021-06-18,disabled-desactive,blocked-bloque,0
2021-06-18,disabled-desactive,granted-autorise,3
2021-06-18,disabled-desactive,denied-refuse,0
2021-06-19,enabled-active,blocked-bloque,0
2021-06-19,enabled-active,granted-autorise,0
2021-06-19,enabled-active,denied-refuse,0
2021-06-19,disabled-desactive,blocked-bloque,0
2021-06-19,disabled-desactive,granted-autorise,0
2021-06-19,disabled-desactive,denied-refuse,0
2021-06-20,enabled-active,blocked-bloque,0
2021-06-20,enabled-active,granted-autorise,0
2021-06-20,enabled-active,denied-refuse,0
2021-06-20,disabled-desactive,blocked-bloque,0
2021-06-20,disabled-desactive,granted-autorise,0
2021-06-20,disabled-desactive,denied-refuse,0
2021-06-21,enabled-active,blocked-bloque,0
2021-06-21,enabled-active,granted-autorise,0
2021-06-21,enabled-active,denied-refuse,0
2021-06-21,disabled-desactive,blocked-bloque,0
2021-06-21,disabled-desactive,granted-autorise,0
2021-06-21,disabled-desactive,denied-refuse,0
2021-06-22,enabled-active,blocked-bloque,0
2021-06-22,enabled-active,granted-autorise,16
2021-06-22,enabled-active,denied-refuse,0
2021-06-22,disabled-desactive,blocked-bloque,0
2021-06-22,disabled-desactive,granted-autorise,8
2021-06-22,disabled-desactive,denied-refuse,0
2021-06-23,enabled-active,blocked-bloque,0
2021-06-23,enabled-active,granted-autorise,39
2021-06-23,enabled-active,denied-refuse,0
2021-06-23,disabled-desactive,blocked-bloque,0
2021-06-23,disabled-desactive,granted-autorise,1
2021-06-23,disabled-desactive,denied-refuse,0
2021-06-24,enabled-active,blocked-bloque,0
2021-06-24,enabled-active,granted-autorise,21
2021-06-24,enabled-active,denied-refuse,0
2021-06-24,disabled-desactive,blocked-bloque,0
2021-06-24,disabled-desactive,granted-autorise,7
2021-06-24,disabled-desactive,denied-refuse,0
2021-06-25,enabled-active,blocked-bloque,0
2021-06-25,enabled-active,granted-autorise,0
2021-06-25,enabled-active,denied-refuse,0
2021-06-25,disabled-desactive,blocked-bloque,0
2021-06-25,disabled-desactive,granted-autorise,0
2021-06-25,disabled-desactive,denied-refuse,0
2021-06-26,enabled-active,blocked-bloque,0
2021-06-26,enabled-active,granted-autorise,0
2021-06-26,enabled-active,denied-refuse,0
2021-06-26,disabled-desactive,blocked-bloque,0
2021-06-26,disabled-desactive,granted-autorise,0
2021-06-26,disabled-desactive,denied-refuse,0
2021-06-27,enabled-active,blocked-bloque,0
2021-06-27,enabled-active,granted-autorise,0
2021-06-27,enabled-active,denied-refuse,0
2021-06-27,disabled-desactive,blocked-bloque,0
2021-06-27,disabled-desactive,granted-autorise,0
2021-06-27,disabled-desactive,denied-refuse,0
2021-06-28,enabled-active,blocked-bloque,0
2021-06-28,enabled-active,granted-autorise,1
2021-06-28,enabled-active,denied-refuse,0
2021-06-28,disabled-desactive,blocked-bloque,0
2021-06-28,disabled-desactive,granted-autorise,0
2021-06-28,disabled-desactive,denied-refuse,0
2021-06-29,enabled-active,blocked-bloque,0
2021-06-29,enabled-active,granted-autorise,6
2021-06-29,enabled-active,denied-refuse,0
2021-06-29,disabled-desactive,blocked-bloque,0
2021-06-29,disabled-desactive,granted-autorise,6
2021-06-29,disabled-desactive,denied-refuse,0
2021-06-30,enabled-active,blocked-bloque,0
2021-06-30,enabled-active,granted-autorise,7
2021-06-30,enabled-active,denied-refuse,0
2021-06-30,disabled-desactive,blocked-bloque,0
2021-06-30,disabled-desactive,granted-autorise,6
2021-06-30,disabled-desactive,denied-refuse,0
2021-07-01,enabled-active,blocked-bloque,0
2021-07-01,enabled-active,granted-autorise,0
2021-07-01,enabled-active,denied-refuse,0
2021-07-01,disabled-desactive,blocked-bloque,0
2021-07-01,disabled-desactive,granted-autorise,0
2021-07-01,disabled-desactive,denied-refuse,0
2021-07-02,enabled-active,blocked-bloque,0
2021-07-02,enabled-active,granted-autorise,7
2021-07-02,enabled-active,denied-refuse,0
2021-07-02,disabled-desactive,blocked-bloque,0
2021-07-02,disabled-desactive,granted-autorise,6
2021-07-02,disabled-desactive,denied-refuse,0
2021-07-03,enabled-active,blocked-bloque,0
2021-07-03,enabled-active,granted-autorise,0
2021-07-03,enabled-active,denied-refuse,0
2021-07-03,disabled-desactive,blocked-bloque,0
2021-07-03,disabled-desactive,granted-autorise,0
2021-07-03,disabled-desactive,denied-refuse,0
2021-07-04,enabled-active,blocked-bloque,0
2021-07-04,enabled-active,granted-autorise,0
2021-07-04,enabled-active,denied-refuse,0
2021-07-04,disabled-desactive,blocked-bloque,0
2021-07-04,disabled-desactive,granted-autorise,0
2021-07-04,disabled-desactive,denied-refuse,0
2021-07-05,enabled-active,blocked-bloque,0
2021-07-05,enabled-active,granted-autorise,0
2021-07-05,enabled-active,denied-refuse,0
2021-07-05,disabled-desactive,blocked-bloque,0
2021-07-05,disabled-desactive,granted-autorise,0
2021-07-05,disabled-desactive,denied-refuse,0
2021-07-06,enabled-active,blocked-bloque,0
2021-07-06,enabled-active,granted-autorise,5
2021-07-06,enabled-active,denied-refuse,0
2021-07-06,disabled-desactive,blocked-bloque,0
2021-07-06,disabled-desactive,granted-autorise,5
2021-07-06,disabled-desactive,denied-refuse,0
2021-07-07,enabled-active,blocked-bloque,0
2021-07-07,enabled-active,granted-autorise,0
2021-07-07,enabled-active,denied-refuse,0
2021-07-07,disabled-desactive,blocked-bloque,0
2021-07-07,disabled-desactive,granted-autorise,1
2021-07-07,disabled-desactive,denied-refuse,0
2021-07-08,enabled-active,blocked-bloque,0
2021-07-08,enabled-active,granted-autorise,3
2021-07-08,enabled-active,denied-refuse,0
2021-07-08,disabled-desactive,blocked-bloque,0
2021-07-08,disabled-desactive,granted-autorise,0
2021-07-08,disabled-desactive,denied-refuse,0
2021-07-09,enabled-active,blocked-bloque,0
2021-07-09,enabled-active,granted-autorise,4
2021-07-09,enabled-active,denied-refuse,0
2021-07-09,disabled-desactive,blocked-bloque,0
2021-07-09,disabled-desactive,granted-autorise,2
2021-07-09,disabled-desactive,denied-refuse,0
2021-07-10,enabled-active,blocked-bloque,0
2021-07-10,enabled-active,granted-autorise,0
2021-07-10,enabled-active,denied-refuse,0
2021-07-10,disabled-desactive,blocked-bloque,0
2021-07-10,disabled-desactive,granted-autorise,0
2021-07-10,disabled-desactive,denied-refuse,0
2021-07-11,enabled-active,blocked-bloque,0
2021-07-11,enabled-active,granted-autorise,0
2021-07-11,enabled-active,denied-refuse,0
2021-07-11,disabled-desactive,blocked-bloque,0
2021-07-11,disabled-desactive,granted-autorise,0
2021-07-11,disabled-desactive,denied-refuse,0
2021-07-12,enabled-active,blocked-bloque,0
2021-07-12,enabled-active,granted-autorise,0
2021-07-12,enabled-active,denied-refuse,0
2021-07-12,disabled-desactive,blocked-bloque,0
2021-07-12,disabled-desactive,granted-autorise,0
2021-07-12,disabled-desactive,denied-refuse,0
2021-07-13,enabled-active,blocked-bloque,0
2021-07-13,enabled-active,granted-autorise,0
2021-07-13,enabled-active,denied-refuse,0
2021-07-13,disabled-desactive,blocked-bloque,0
2021-07-13,disabled-desactive,granted-autorise,0
2021-07-13,disabled-desactive,denied-refuse,0
2021-07-14,enabled-active,blocked-bloque,0
2021-07-14,enabled-active,granted-autorise,0
2021-07-14,enabled-active,denied-refuse,0
2021-07-14,disabled-desactive,blocked-bloque,0
2021-07-14,disabled-desactive,granted-autorise,1
2021-07-14,disabled-desactive,denied-refuse,0
2021-07-15,enabled-active,blocked-bloque,0
2021-07-15,enabled-active,granted-autorise,0
2021-07-15,enabled-active,denied-refuse,0
2021-07-15,disabled-desactive,blocked-bloque,0
2021-07-15,disabled-desactive,granted-autorise,0
2021-07-15,disabled-desactive,denied-refuse,0
2021-07-16,enabled-active,blocked-bloque,0
2021-07-16,enabled-active,granted-autorise,0
2021-07-16,enabled-active,denied-refuse,0
2021-07-16,disabled-desactive,blocked-bloque,0
2021-07-16,disabled-desactive,granted-autorise,0
2021-07-16,disabled-desactive,denied-refuse,0
2021-07-17,enabled-active,blocked-bloque,0
2021-07-17,enabled-active,granted-autorise,0
2021-07-17,enabled-active,denied-refuse,0
2021-07-17,disabled-desactive,blocked-bloque,0
2021-07-17,disabled-desactive,granted-autorise,0
2021-07-17,disabled-desactive,denied-refuse,0
2021-07-18,enabled-active,blocked-bloque,0
2021-07-18,enabled-active,granted-autorise,0
2021-07-18,enabled-active,denied-refuse,0
2021-07-18,disabled-desactive,blocked-bloque,0
2021-07-18,disabled-desactive,granted-autorise,0
2021-07-18,disabled-desactive,denied-refuse,0
2021-07-19,enabled-active,blocked-bloque,0
2021-07-19,enabled-active,granted-autorise,0
2021-07-19,enabled-active,denied-refuse,0
2021-07-19,disabled-desactive,blocked-bloque,0
2021-07-19,disabled-desactive,granted-autorise,0
2021-07-19,disabled-desactive,denied-refuse,0
2021-07-20,enabled-active,blocked-bloque,0
2021-07-20,enabled-active,granted-autorise,0
2021-07-20,enabled-active,denied-refuse,0
2021-07-20,disabled-desactive,blocked-bloque,0
2021-07-20,disabled-desactive,granted-autorise,0
2021-07-20,disabled-desactive,denied-refuse,0
2021-07-21,enabled-active,blocked-bloque,0
2021-07-21,enabled-active,granted-autorise,0
2021-07-21,enabled-active,denied-refuse,0
2021-07-21,disabled-desactive,blocked-bloque,0
2021-07-21,disabled-desactive,granted-autorise,0
2021-07-21,disabled-desactive,denied-refuse,0
2021-07-22,enabled-active,blocked-bloque,0
2021-07-22,enabled-active,granted-autorise,0
2021-07-22,enabled-active,denied-refuse,0
2021-07-22,disabled-desactive,blocked-bloque,0
2021-07-22,disabled-desactive,granted-autorise,0
2021-07-22,disabled-desactive,denied-refuse,0
2021-07-23,enabled-active,blocked-bloque,0
2021-07-23,enabled-active,granted-autorise,0
2021-07-23,enabled-active,denied-refuse,0
2021-07-23,disabled-desactive,blocked-bloque,0
2021-07-23,disabled-desactive,granted-autorise,0
2021-07-23,disabled-desactive,denied-refuse,0
2021-07-24,enabled-active,blocked-bloque,0
2021-07-24,enabled-active,granted-autorise,0
2021-07-24,enabled-active,denied-refuse,0
2021-07-24,disabled-desactive,blocked-bloque,0
2021-07-24,disabled-desactive,granted-autorise,0
2021-07-24,disabled-desactive,denied-refuse,0
2021-07-25,enabled-active,blocked-bloque,0
2021-07-25,enabled-active,granted-autorise,0
2021-07-25,enabled-active,denied-refuse,0
2021-07-25,disabled-desactive,blocked-bloque,0
2021-07-25,disabled-desactive,granted-autorise,0
2021-07-25,disabled-desactive,denied-refuse,0
2021-07-26,enabled-active,blocked-bloque,0
2021-07-26,enabled-active,granted-autorise,0
2021-07-26,enabled-active,denied-refuse,0
2021-07-26,disabled-desactive,blocked-bloque,0
2021-07-26,disabled-desactive,granted-autorise,0
2021-07-26,disabled-desactive,denied-refuse,0
2021-07-27,enabled-active,blocked-bloque,0
2021-07-27,enabled-active,granted-autorise,0
2021-07-27,enabled-active,denied-refuse,0
2021-07-27,disabled-desactive,blocked-bloque,0
2021-07-27,disabled-desactive,granted-autorise,1
2021-07-27,disabled-desactive,denied-refuse,0
2021-07-28,enabled-active,blocked-bloque,0
2021-07-28,enabled-active,granted-autorise,0
2021-07-28,enabled-active,denied-refuse,0
2021-07-28,disabled-desactive,blocked-bloque,0
2021-07-28,disabled-desactive,granted-autorise,1
2021-07-28,disabled-desactive,denied-refuse,0
2021-07-29,enabled-active,blocked-bloque,0
2021-07-29,enabled-active,granted-autorise,5
2021-07-29,enabled-active,denied-refuse,0
2021-07-29,disabled-desactive,blocked-bloque,0
2021-07-29,disabled-desactive,granted-autorise,3
2021-07-29,disabled-desactive,denied-refuse,1
2021-07-30,enabled-active,blocked-bloque,0
2021-07-30,enabled-active,granted-autorise,6
2021-07-30,enabled-active,denied-refuse,0
2021-07-30,disabled-desactive,blocked-bloque,0
2021-07-30,disabled-desactive,granted-autorise,4
2021-07-30,disabled-desactive,denied-refuse,0
2021-07-31,enabled-active,blocked-bloque,0
2021-07-31,enabled-active,granted-autorise,1
2021-07-31,enabled-active,denied-refuse,0
2021-07-31,disabled-desactive,blocked-bloque,0
2021-07-31,disabled-desactive,granted-autorise,0
2021-07-31,disabled-desactive,denied-refuse,0
2021-08-01,enabled-active,blocked-bloque,0
2021-08-01,enabled-active,granted-autorise,0
2021-08-01,enabled-active,denied-refuse,0
2021-08-01,disabled-desactive,blocked-bloque,0
2021-08-01,disabled-desactive,granted-autorise,0
2021-08-01,disabled-desactive,denied-refuse,0
2021-08-02,enabled-active,blocked-bloque,0
2021-08-02,enabled-active,granted-autorise,0
2021-08-02,enabled-active,denied-refuse,0
2021-08-02,disabled-desactive,blocked-bloque,0
2021-08-02,disabled-desactive,granted-autorise,0
2021-08-02,disabled-desactive,denied-refuse,0
2021-08-03,enabled-active,blocked-bloque,0
2021-08-03,enabled-active,granted-autorise,15
2021-08-03,enabled-active,denied-refuse,0
2021-08-03,disabled-desactive,blocked-bloque,0
2021-08-03,disabled-desactive,granted-autorise,0
2021-08-03,disabled-desactive,denied-refuse,0
2021-08-04,enabled-active,blocked-bloque,0
2021-08-04,enabled-active,granted-autorise,44
2021-08-04,enabled-active,denied-refuse,1
2021-08-04,disabled-desactive,blocked-bloque,0
2021-08-04,disabled-desactive,granted-autorise,14
2021-08-04,disabled-desactive,denied-refuse,0
2021-08-05,enabled-active,blocked-bloque,0
2021-08-05,enabled-active,granted-autorise,15
2021-08-05,enabled-active,denied-refuse,0
2021-08-05,disabled-desactive,blocked-bloque,0
2021-08-05,disabled-desactive,granted-autorise,3
2021-08-05,disabled-desactive,denied-refuse,0
2021-08-06,enabled-active,blocked-bloque,0
2021-08-06,enabled-active,granted-autorise,0
2021-08-06,enabled-active,denied-refuse,0
2021-08-06,disabled-desactive,blocked-bloque,0
2021-08-06,disabled-desactive,granted-autorise,0
2021-08-06,disabled-desactive,denied-refuse,0
2021-08-07,enabled-active,blocked-bloque,0
2021-08-07,enabled-active,granted-autorise,0
2021-08-07,enabled-active,denied-refuse,0
2021-08-07,disabled-desactive,blocked-bloque,0
2021-08-07,disabled-desactive,granted-autorise,0
2021-08-07,disabled-desactive,denied-refuse,0
2021-08-08,enabled-active,blocked-bloque,0
2021-08-08,enabled-active,granted-autorise,0
2021-08-08,enabled-active,denied-refuse,0
2021-08-08,disabled-desactive,blocked-bloque,0
2021-08-08,disabled-desactive,granted-autorise,0
2021-08-08,disabled-desactive,denied-refuse,0
2021-08-09,enabled-active,blocked-bloque,0
2021-08-09,enabled-active,granted-autorise,17
2021-08-09,enabled-active,denied-refuse,0
2021-08-09,disabled-desactive,blocked-bloque,0
2021-08-09,disabled-desactive,granted-autorise,5
2021-08-09,disabled-desactive,denied-refuse,0
2021-08-10,enabled-active,blocked-bloque,0
2021-08-10,enabled-active,granted-autorise,0
2021-08-10,enabled-active,denied-refuse,0
2021-08-10,disabled-desactive,blocked-bloque,0
2021-08-10,disabled-desactive,granted-autorise,0
2021-08-10,disabled-desactive,denied-refuse,0
2021-08-11,enabled-active,blocked-bloque,0
2021-08-11,enabled-active,granted-autorise,7
2021-08-11,enabled-active,denied-refuse,0
2021-08-11,disabled-desactive,blocked-bloque,1
2021-08-11,disabled-desactive,granted-autorise,4
2021-08-11,disabled-desactive,denied-refuse,0
2021-08-12,enabled-active,blocked-bloque,0
2021-08-12,enabled-active,granted-autorise,0
2021-08-12,enabled-active,denied-refuse,0
2021-08-12,disabled-desactive,blocked-bloque,0
2021-08-12,disabled-desactive,granted-autorise,0
2021-08-12,disabled-desactive,denied-refuse,0
2021-08-13,enabled-active,blocked-bloque,0
2021-08-13,enabled-active,granted-autorise,0
2021-08-13,enabled-active,denied-refuse,0
2021-08-13,disabled-desactive,blocked-bloque,0
2021-08-13,disabled-desactive,granted-autorise,2
2021-08-13,disabled-desactive,denied-refuse,0
2021-08-14,enabled-active,blocked-bloque,0
2021-08-14,enabled-active,granted-autorise,0
2021-08-14,enabled-active,denied-refuse,0
2021-08-14,disabled-desactive,blocked-bloque,0
2021-08-14,disabled-desactive,granted-autorise,0
2021-08-14,disabled-desactive,denied-refuse,0
2021-08-15,enabled-active,blocked-bloque,0
2021-08-15,enabled-active,granted-autorise,0
2021-08-15,enabled-active,denied-refuse,0
2021-08-15,disabled-desactive,blocked-bloque,0
2021-08-15,disabled-desactive,granted-autorise,0
2021-08-15,disabled-desactive,denied-refuse,0
2021-08-16,enabled-active,blocked-bloque,0
2021-08-16,enabled-active,granted-autorise,0
2021-08-16,enabled-active,denied-refuse,0
2021-08-16,disabled-desactive,blocked-bloque,0
2021-08-16,disabled-desactive,granted-autorise,0
2021-08-16,disabled-desactive,denied-refuse,0
2021-08-17,enabled-active,blocked-bloque,0
2021-08-17,enabled-active,granted-autorise,0
2021-08-17,enabled-active,denied-refuse,0
2021-08-17,disabled-desactive,blocked-bloque,0
2021-08-17,disabled-desactive,granted-autorise,0
2021-08-17,disabled-desactive,denied-refuse,0
2021-08-18,enabled-active,blocked-bloque,0
2021-08-18,enabled-active,granted-autorise,0
2021-08-18,enabled-active,denied-refuse,0
2021-08-18,disabled-desactive,blocked-bloque,0
2021-08-18,disabled-desactive,granted-autorise,0
2021-08-18,disabled-desactive,denied-refuse,0
2021-08-19,enabled-active,blocked-bloque,0
2021-08-19,enabled-active,granted-autorise,1
2021-08-19,enabled-active,denied-refuse,0
2021-08-19,disabled-desactive,blocked-bloque,0
2021-08-19,disabled-desactive,granted-autorise,0
2021-08-19,disabled-desactive,denied-refuse,0
2021-08-20,enabled-active,blocked-bloque,0
2021-08-20,enabled-active,granted-autorise,9
2021-08-20,enabled-active,denied-refuse,0
2021-08-20,disabled-desactive,blocked-bloque,0
2021-08-20,disabled-desactive,granted-autorise,0
2021-08-20,disabled-desactive,denied-refuse,0
2021-08-21,enabled-active,blocked-bloque,0
2021-08-21,enabled-active,granted-autorise,0
2021-08-21,enabled-active,denied-refuse,0
2021-08-21,disabled-desactive,blocked-bloque,0
2021-08-21,disabled-desactive,granted-autorise,0
2021-08-21,disabled-desactive,denied-refuse,0
2021-08-22,enabled-active,blocked-bloque,0
2021-08-22,enabled-active,granted-autorise,0
2021-08-22,enabled-active,denied-refuse,0
2021-08-22,disabled-desactive,blocked-bloque,0
2021-08-22,disabled-desactive,granted-autorise,0
2021-08-22,disabled-desactive,denied-refuse,0
2021-08-23,enabled-active,blocked-bloque,0
2021-08-23,enabled-active,granted-autorise,3
2021-08-23,enabled-active,denied-refuse,0
2021-08-23,disabled-desactive,blocked-bloque,0
2021-08-23,disabled-desactive,granted-autorise,0
2021-08-23,disabled-desactive,denied-refuse,0
2021-08-24,enabled-active,blocked-bloque,0
2021-08-24,enabled-active,granted-autorise,1
2021-08-24,enabled-active,denied-refuse,0
2021-08-24,disabled-desactive,blocked-bloque,0
2021-08-24,disabled-desactive,granted-autorise,0
2021-08-24,disabled-desactive,denied-refuse,0
2021-08-25,enabled-active,blocked-bloque,0
2021-08-25,enabled-active,granted-autorise,1
2021-08-25,enabled-active,denied-refuse,1
2021-08-25,disabled-desactive,blocked-bloque,0
2021-08-25,disabled-desactive,granted-autorise,0
2021-08-25,disabled-desactive,denied-refuse,0
2021-08-26,enabled-active,blocked-bloque,1
2021-08-26,enabled-active,granted-autorise,0
2021-08-26,enabled-active,denied-refuse,0
2021-08-26,disabled-desactive,blocked-bloque,0
2021-08-26,disabled-desactive,granted-autorise,0
2021-08-26,disabled-desactive,denied-refuse,0
2021-08-27,enabled-active,blocked-bloque,0
2021-08-27,enabled-active,granted-autorise,0
2021-08-27,enabled-active,denied-refuse,0
2021-08-27,disabled-desactive,blocked-bloque,0
2021-08-27,disabled-desactive,granted-autorise,0
2021-08-27,disabled-desactive,denied-refuse,0
2021-08-28,enabled-active,blocked-bloque,0
2021-08-28,enabled-active,granted-autorise,0
2021-08-28,enabled-active,denied-refuse,0
2021-08-28,disabled-desactive,blocked-bloque,0
2021-08-28,disabled-desactive,granted-autorise,0
2021-08-28,disabled-desactive,denied-refuse,0
2021-08-29,enabled-active,blocked-bloque,0
2021-08-29,enabled-active,granted-autorise,1
2021-08-29,enabled-active,denied-refuse,0
2021-08-29,disabled-desactive,blocked-bloque,0
2021-08-29,disabled-desactive,granted-autorise,0
2021-08-29,disabled-desactive,denied-refuse,0
2021-08-30,enabled-active,blocked-bloque,0
2021-08-30,enabled-active,granted-autorise,0
2021-08-30,enabled-active,denied-refuse,0
2021-08-30,disabled-desactive,blocked-bloque,0
2021-08-30,disabled-desactive,granted-autorise,0
2021-08-30,disabled-desactive,denied-refuse,0
2021-08-31,enabled-active,blocked-bloque,0
2021-08-31,enabled-active,granted-autorise,0
2021-08-31,enabled-active,denied-refuse,0
2021-08-31,disabled-desactive,blocked-bloque,0
2021-08-31,disabled-desactive,granted-autorise,0
2021-08-31,disabled-desactive,denied-refuse,0
2021-09-01,enabled-active,blocked-bloque,0
2021-09-01,enabled-active,granted-autorise,0
2021-09-01,enabled-active,denied-refuse,0
2021-09-01,disabled-desactive,blocked-bloque,0
2021-09-01,disabled-desactive,granted-autorise,0
2021-09-01,disabled-desactive,denied-refuse,0
2021-09-02,enabled-active,blocked-bloque,0
2021-09-02,enabled-active,granted-autorise,0
2021-09-02,enabled-active,denied-refuse,0
2021-09-02,disabled-desactive,blocked-bloque,0
2021-09-02,disabled-desactive,granted-autorise,0
2021-09-02,disabled-desactive,denied-refuse,0
2021-09-03,enabled-active,blocked-bloque,0
2021-09-03,enabled-active,granted-autorise,0
2021-09-03,enabled-active,denied-refuse,0
2021-09-03,disabled-desactive,blocked-bloque,0
2021-09-03,disabled-desactive,granted-autorise,0
2021-09-03,disabled-desactive,denied-refuse,0
2021-09-04,enabled-active,blocked-bloque,0
2021-09-04,enabled-active,granted-autorise,0
2021-09-04,enabled-active,denied-refuse,0
2021-09-04,disabled-desactive,blocked-bloque,0
2021-09-04,disabled-desactive,granted-autorise,0
2021-09-04,disabled-desactive,denied-refuse,0
2021-09-05,enabled-active,blocked-bloque,0
2021-09-05,enabled-active,granted-autorise,0
2021-09-05,enabled-active,denied-refuse,0
2021-09-05,disabled-desactive,blocked-bloque,0
2021-09-05,disabled-desactive,granted-autorise,0
2021-09-05,disabled-desactive,denied-refuse,0
2021-09-06,enabled-active,blocked-bloque,0
2021-09-06,enabled-active,granted-autorise,0
2021-09-06,enabled-active,denied-refuse,0
2021-09-06,disabled-desactive,blocked-bloque,0
2021-09-06,disabled-desactive,granted-autorise,0
2021-09-06,disabled-desactive,denied-refuse,0
2021-09-07,enabled-active,blocked-bloque,0
2021-09-07,enabled-active,granted-autorise,0
2021-09-07,enabled-active,denied-refuse,0
2021-09-07,disabled-desactive,blocked-bloque,0
2021-09-07,disabled-desactive,granted-autorise,0
2021-09-07,disabled-desactive,denied-refuse,0
2021-09-08,enabled-active,blocked-bloque,0
2021-09-08,enabled-active,granted-autorise,0
2021-09-08,enabled-active,denied-refuse,0
2021-09-08,disabled-desactive,blocked-bloque,0
2021-09-08,disabled-desactive,granted-autorise,0
2021-09-08,disabled-desactive,denied-refuse,0
2021-09-09,enabled-active,blocked-bloque,0
2021-09-09,enabled-active,granted-autorise,0
2021-09-09,enabled-active,denied-refuse,0
2021-09-09,disabled-desactive,blocked-bloque,0
2021-09-09,disabled-desactive,granted-autorise,0
2021-09-09,disabled-desactive,denied-refuse,0
2021-09-10,enabled-active,blocked-bloque,0
2021-09-10,enabled-active,granted-autorise,0
2021-09-10,enabled-active,denied-refuse,0
2021-09-10,disabled-desactive,blocked-bloque,0
2021-09-10,disabled-desactive,granted-autorise,0
2021-09-10,disabled-desactive,denied-refuse,0
2021-09-11,enabled-active,blocked-bloque,0
2021-09-11,enabled-active,granted-autorise,0
2021-09-11,enabled-active,denied-refuse,0
2021-09-11,disabled-desactive,blocked-bloque,0
2021-09-11,disabled-desactive,granted-autorise,0
2021-09-11,disabled-desactive,denied-refuse,0
2021-09-12,enabled-active,blocked-bloque,0
2021-09-12,enabled-active,granted-autorise,0
2021-09-12,enabled-active,denied-refuse,0
2021-09-12,disabled-desactive,blocked-bloque,0
2021-09-12,disabled-desactive,granted-autorise,0
2021-09-12,disabled-desactive,denied-refuse,0
2021-09-13,enabled-active,blocked-bloque,0
2021-09-13,enabled-active,granted-autorise,0
2021-09-13,enabled-active,denied-refuse,0
2021-09-13,disabled-desactive,blocked-bloque,0
2021-09-13,disabled-desactive,granted-autorise,0
2021-09-13,disabled-desactive,denied-refuse,0
2021-09-14,enabled-active,blocked-bloque,0
2021-09-14,enabled-active,granted-autorise,2
2021-09-14,enabled-active,denied-refuse,0
2021-09-14,disabled-desactive,blocked-bloque,0
2021-09-14,disabled-desactive,granted-autorise,0
2021-09-14,disabled-desactive,denied-refuse,0
2021-09-15,enabled-active,blocked-bloque,0
2021-09-15,enabled-active,granted-autorise,0
2021-09-15,enabled-active,denied-refuse,0
2021-09-15,disabled-desactive,blocked-bloque,0
2021-09-15,disabled-desactive,granted-autorise,0
2021-09-15,disabled-desactive,denied-refuse,0
2021-09-16,enabled-active,blocked-bloque,0
2021-09-16,enabled-active,granted-autorise,0
2021-09-16,enabled-active,denied-refuse,0
2021-09-16,disabled-desactive,blocked-bloque,0
2021-09-16,disabled-desactive,granted-autorise,0
2021-09-16,disabled-desactive,denied-refuse,0
2021-09-17,enabled-active,blocked-bloque,0
2021-09-17,enabled-active,granted-autorise,0
2021-09-17,enabled-active,denied-refuse,0
2021-09-17,disabled-desactive,blocked-bloque,0
2021-09-17,disabled-desactive,granted-autorise,0
2021-09-17,disabled-desactive,denied-refuse,0
2021-09-18,enabled-active,blocked-bloque,0
2021-09-18,enabled-active,granted-autorise,0
2021-09-18,enabled-active,denied-refuse,0
2021-09-18,disabled-desactive,blocked-bloque,0
2021-09-18,disabled-desactive,granted-autorise,0
2021-09-18,disabled-desactive,denied-refuse,0
2021-09-19,enabled-active,blocked-bloque,0
2021-09-19,enabled-active,granted-autorise,0
2021-09-19,enabled-active,denied-refuse,0
2021-09-19,disabled-desactive,blocked-bloque,0
2021-09-19,disabled-desactive,granted-autorise,0
2021-09-19,disabled-desactive,denied-refuse,0
2021-09-20,enabled-active,blocked-bloque,0
2021-09-20,enabled-active,granted-autorise,0
2021-09-20,enabled-active,denied-refuse,0
2021-09-20,disabled-desactive,blocked-bloque,0
2021-09-20,disabled-desactive,granted-autorise,0
2021-09-20,disabled-desactive,denied-refuse,0
2021-09-21,enabled-active,blocked-bloque,0
2021-09-21,enabled-active,granted-autorise,1
2021-09-21,enabled-active,denied-refuse,0
2021-09-21,disabled-desactive,blocked-bloque,0
2021-09-21,disabled-desactive,granted-autorise,1
2021-09-21,disabled-desactive,denied-refuse,0
2021-09-22,enabled-active,blocked-bloque,0
2021-09-22,enabled-active,granted-autorise,0
2021-09-22,enabled-active,denied-refuse,0
2021-09-22,disabled-desactive,blocked-bloque,0
2021-09-22,disabled-desactive,granted-autorise,0
2021-09-22,disabled-desactive,denied-refuse,0
2021-09-23,enabled-active,blocked-bloque,0
2021-09-23,enabled-active,granted-autorise,0
2021-09-23,enabled-active,denied-refuse,0
2021-09-23,disabled-desactive,blocked-bloque,0
2021-09-23,disabled-desactive,granted-autorise,0
2021-09-23,disabled-desactive,denied-refuse,0
2021-09-24,enabled-active,blocked-bloque,0
2021-09-24,enabled-active,granted-autorise,0
2021-09-24,enabled-active,denied-refuse,0
2021-09-24,disabled-desactive,blocked-bloque,0
2021-09-24,disabled-desactive,granted-autorise,0
2021-09-24,disabled-desactive,denied-refuse,0
2021-09-25,enabled-active,blocked-bloque,0
2021-09-25,enabled-active,granted-autorise,0
2021-09-25,enabled-active,denied-refuse,0
2021-09-25,disabled-desactive,blocked-bloque,0
2021-09-25,disabled-desactive,granted-autorise,0
2021-09-25,disabled-desactive,denied-refuse,0
2021-09-26,enabled-active,blocked-bloque,0
2021-09-26,enabled-active,granted-autorise,0
2021-09-26,enabled-active,denied-refuse,0
2021-09-26,disabled-desactive,blocked-bloque,0
2021-09-26,disabled-desactive,granted-autorise,0
2021-09-26,disabled-desactive,denied-refuse,0
2021-09-27,enabled-active,blocked-bloque,0
2021-09-27,enabled-active,granted-autorise,2
2021-09-27,enabled-active,denied-refuse,0
2021-09-27,disabled-desactive,blocked-bloque,0
2021-09-27,disabled-desactive,granted-autorise,0
2021-09-27,disabled-desactive,denied-refuse,0
2021-09-28,enabled-active,blocked-bloque,0
2021-09-28,enabled-active,granted-autorise,3
2021-09-28,enabled-active,denied-refuse,0
2021-09-28,disabled-desactive,blocked-bloque,0
2021-09-28,disabled-desactive,granted-autorise,0
2021-09-28,disabled-desactive,denied-refuse,0
2021-09-29,enabled-active,blocked-bloque,0
2021-09-29,enabled-active,granted-autorise,0
2021-09-29,enabled-active,denied-refuse,0
2021-09-29,disabled-desactive,blocked-bloque,0
2021-09-29,disabled-desactive,granted-autorise,0
2021-09-29,disabled-desactive,denied-refuse,0
2021-09-30,enabled-active,blocked-bloque,0
2021-09-30,enabled-active,granted-autorise,0
2021-09-30,enabled-active,denied-refuse,0
2021-09-30,disabled-desactive,blocked-bloque,0
2021-09-30,disabled-desactive,granted-autorise,0
2021-09-30,disabled-desactive,denied-refuse,0
2021-10-01,enabled-active,blocked-bloque,0
2021-10-01,enabled-active,granted-autorise,0
2021-10-01,enabled-active,denied-refuse,0
2021-10-01,disabled-desactive,blocked-bloque,0
2021-10-01,disabled-desactive,granted-autorise,0
2021-10-01,disabled-desactive,denied-refuse,0
2021-10-02,enabled-active,blocked-bloque,0
2021-10-02,enabled-active,granted-autorise,0
2021-10-02,enabled-active,denied-refuse,0
2021-10-02,disabled-desactive,blocked-bloque,0
2021-10-02,disabled-desactive,granted-autorise,0
2021-10-02,disabled-desactive,denied-refuse,0
2021-10-03,enabled-active,blocked-bloque,0
2021-10-03,enabled-active,granted-autorise,0
2021-10-03,enabled-active,denied-refuse,0
2021-10-03,disabled-desactive,blocked-bloque,0
2021-10-03,disabled-desactive,granted-autorise,0
2021-10-03,disabled-desactive,denied-refuse,0
2021-10-04,enabled-active,blocked-bloque,0
2021-10-04,enabled-active,granted-autorise,0
2021-10-04,enabled-active,denied-refuse,0
2021-10-04,disabled-desactive,blocked-bloque,0
2021-10-04,disabled-desactive,granted-autorise,0
2021-10-04,disabled-desactive,denied-refuse,0
2021-10-05,enabled-active,blocked-bloque,0
2021-10-05,enabled-active,granted-autorise,0
2021-10-05,enabled-active,denied-refuse,0
2021-10-05,disabled-desactive,blocked-bloque,0
2021-10-05,disabled-desactive,granted-autorise,0
2021-10-05,disabled-desactive,denied-refuse,0
2021-10-06,enabled-active,blocked-bloque,0
2021-10-06,enabled-active,granted-autorise,0
2021-10-06,enabled-active,denied-refuse,0
2021-10-06,disabled-desactive,blocked-bloque,0
2021-10-06,disabled-desactive,granted-autorise,0
2021-10-06,disabled-desactive,denied-refuse,0
2021-10-07,enabled-active,blocked-bloque,0
2021-10-07,enabled-active,granted-autorise,0
2021-10-07,enabled-active,denied-refuse,0
2021-10-07,disabled-desactive,blocked-bloque,0
2021-10-07,disabled-desactive,granted-autorise,0
2021-10-07,disabled-desactive,denied-refuse,0
2021-10-08,enabled-active,blocked-bloque,0
2021-10-08,enabled-active,granted-autorise,0
2021-10-08,enabled-active,denied-refuse,0
2021-10-08,disabled-desactive,blocked-bloque,0
2021-10-08,disabled-desactive,granted-autorise,0
2021-10-08,disabled-desactive,denied-refuse,0
2021-10-09,enabled-active,blocked-bloque,0
2021-10-09,enabled-active,granted-autorise,0
2021-10-09,enabled-active,denied-refuse,0
2021-10-09,disabled-desactive,blocked-bloque,0
2021-10-09,disabled-desactive,granted-autorise,0
2021-10-09,disabled-desactive,denied-refuse,0
2021-10-10,enabled-active,blocked-bloque,0
2021-10-10,enabled-active,granted-autorise,0
2021-10-10,enabled-active,denied-refuse,0
2021-10-10,disabled-desactive,blocked-bloque,0
2021-10-10,disabled-desactive,granted-autorise,0
2021-10-10,disabled-desactive,denied-refuse,0
2021-10-11,enabled-active,blocked-bloque,0
2021-10-11,enabled-active,granted-autorise,0
2021-10-11,enabled-active,denied-refuse,0
2021-10-11,disabled-desactive,blocked-bloque,0
2021-10-11,disabled-desactive,granted-autorise,0
2021-10-11,disabled-desactive,denied-refuse,0
2021-10-12,enabled-active,blocked-bloque,0
2021-10-12,enabled-active,granted-autorise,0
2021-10-12,enabled-active,denied-refuse,0
2021-10-12,disabled-desactive,blocked-bloque,0
2021-10-12,disabled-desactive,granted-autorise,0
2021-10-12,disabled-desactive,denied-refuse,0
2021-10-13,enabled-active,blocked-bloque,0
2021-10-13,enabled-active,granted-autorise,0
2021-10-13,enabled-active,denied-refuse,0
2021-10-13,disabled-desactive,blocked-bloque,0
2021-10-13,disabled-desactive,granted-autorise,0
2021-10-13,disabled-desactive,denied-refuse,0
2021-10-14,enabled-active,blocked-bloque,0
2021-10-14,enabled-active,granted-autorise,0
2021-10-14,enabled-active,denied-refuse,0
2021-10-14,disabled-desactive,blocked-bloque,0
2021-10-14,disabled-desactive,granted-autorise,0
2021-10-14,disabled-desactive,denied-refuse,0
2021-10-15,enabled-active,blocked-bloque,0
2021-10-15,enabled-active,granted-autorise,0
2021-10-15,enabled-active,denied-refuse,0
2021-10-15,disabled-desactive,blocked-bloque,0
2021-10-15,disabled-desactive,granted-autorise,0
2021-10-15,disabled-desactive,denied-refuse,0
2021-10-16,enabled-active,blocked-bloque,0
2021-10-16,enabled-active,granted-autorise,0
2021-10-16,enabled-active,denied-refuse,0
2021-10-16,disabled-desactive,blocked-bloque,0
2021-10-16,disabled-desactive,granted-autorise,0
2021-10-16,disabled-desactive,denied-refuse,0
2021-10-17,enabled-active,blocked-bloque,0
2021-10-17,enabled-active,granted-autorise,0
2021-10-17,enabled-active,denied-refuse,0
2021-10-17,disabled-desactive,blocked-bloque,0
2021-10-17,disabled-desactive,granted-autorise,0
2021-10-17,disabled-desactive,denied-refuse,0
2021-10-18,enabled-active,blocked-bloque,0
2021-10-18,enabled-active,granted-autorise,0
2021-10-18,enabled-active,denied-refuse,0
2021-10-18,disabled-desactive,blocked-bloque,0
2021-10-18,disabled-desactive,granted-autorise,0
2021-10-18,disabled-desactive,denied-refuse,0
2021-10-19,enabled-active,blocked-bloque,0
2021-10-19,enabled-active,granted-autorise,0
2021-10-19,enabled-active,denied-refuse,0
2021-10-19,disabled-desactive,blocked-bloque,0
2021-10-19,disabled-desactive,granted-autorise,0
2021-10-19,disabled-desactive,denied-refuse,0
2021-10-20,enabled-active,blocked-bloque,0
2021-10-20,enabled-active,granted-autorise,0
2021-10-20,enabled-active,denied-refuse,0
2021-10-20,disabled-desactive,blocked-bloque,0
2021-10-20,disabled-desactive,granted-autorise,0
2021-10-20,disabled-desactive,denied-refuse,0
2021-10-21,enabled-active,blocked-bloque,0
2021-10-21,enabled-active,granted-autorise,0
2021-10-21,enabled-active,denied-refuse,0
2021-10-21,disabled-desactive,blocked-bloque,0
2021-10-21,disabled-desactive,granted-autorise,0
2021-10-21,disabled-desactive,denied-refuse,0
2021-10-22,enabled-active,blocked-bloque,0
2021-10-22,enabled-active,granted-autorise,0
2021-10-22,enabled-active,denied-refuse,0
2021-10-22,disabled-desactive,blocked-bloque,0
2021-10-22,disabled-desactive,granted-autorise,0
2021-10-22,disabled-desactive,denied-refuse,0
2021-10-23,enabled-active,blocked-bloque,0
2021-10-23,enabled-active,granted-autorise,0
2021-10-23,enabled-active,denied-refuse,0
2021-10-23,disabled-desactive,blocked-bloque,0
2021-10-23,disabled-desactive,granted-autorise,0
2021-10-23,disabled-desactive,denied-refuse,0
2021-10-24,enabled-active,blocked-bloque,0
2021-10-24,enabled-active,granted-autorise,0
2021-10-24,enabled-active,denied-refuse,0
2021-10-24,disabled-desactive,blocked-bloque,0
2021-10-24,disabled-desactive,granted-autorise,0
2021-10-24,disabled-desactive,denied-refuse,0
2021-10-25,enabled-active,blocked-bloque,0
2021-10-25,enabled-active,granted-autorise,0
2021-10-25,enabled-active,denied-refuse,0
2021-10-25,disabled-desactive,blocked-bloque,0
2021-10-25,disabled-desactive,granted-autorise,0
2021-10-25,disabled-desactive,denied-refuse,0
2021-10-26,enabled-active,blocked-bloque,0
2021-10-26,enabled-active,granted-autorise,0
2021-10-26,enabled-active,denied-refuse,0
2021-10-26,disabled-desactive,blocked-bloque,0
2021-10-26,disabled-desactive,granted-autorise,0
2021-10-26,disabled-desactive,denied-refuse,0
2021-10-27,enabled-active,blocked-bloque,0
2021-10-27,enabled-active,granted-autorise,0
2021-10-27,enabled-active,denied-refuse,0
2021-10-27,disabled-desactive,blocked-bloque,0
2021-10-27,disabled-desactive,granted-autorise,0
2021-10-27,disabled-desactive,denied-refuse,0
2021-10-28,enabled-active,blocked-bloque,0
2021-10-28,enabled-active,granted-autorise,1
2021-10-28,enabled-active,denied-refuse,0
2021-10-28,disabled-desactive,blocked-bloque,0
2021-10-28,disabled-desactive,granted-autorise,0
2021-10-28,disabled-desactive,denied-refuse,0
2021-10-29,enabled-active,blocked-bloque,0
2021-10-29,enabled-active,granted-autorise,0
2021-10-29,enabled-active,denied-refuse,0
2021-10-29,disabled-desactive,blocked-bloque,0
2021-10-29,disabled-desactive,granted-autorise,0
2021-10-29,disabled-desactive,denied-refuse,0
2021-10-30,enabled-active,blocked-bloque,0
2021-10-30,enabled-active,granted-autorise,0
2021-10-30,enabled-active,denied-refuse,0
2021-10-30,disabled-desactive,blocked-bloque,0
2021-10-30,disabled-desactive,granted-autorise,0
2021-10-30,disabled-desactive,denied-refuse,0
2021-10-31,enabled-active,blocked-bloque,0
2021-10-31,enabled-active,granted-autorise,0
2021-10-31,enabled-active,denied-refuse,0
2021-10-31,disabled-desactive,blocked-bloque,0
2021-10-31,disabled-desactive,granted-autorise,0
2021-10-31,disabled-desactive,denied-refuse,0
2021-11-01,enabled-active,blocked-bloque,0
2021-11-01,enabled-active,granted-autorise,0
2021-11-01,enabled-active,denied-refuse,0
2021-11-01,disabled-desactive,blocked-bloque,0
2021-11-01,disabled-desactive,granted-autorise,0
2021-11-01,disabled-desactive,denied-refuse,0
2021-11-02,enabled-active,blocked-bloque,0
2021-11-02,enabled-active,granted-autorise,0
2021-11-02,enabled-active,denied-refuse,0
2021-11-02,disabled-desactive,blocked-bloque,0
2021-11-02,disabled-desactive,granted-autorise,0
2021-11-02,disabled-desactive,denied-refuse,0
2021-11-03,enabled-active,blocked-bloque,0
2021-11-03,enabled-active,granted-autorise,0
2021-11-03,enabled-active,denied-refuse,0
2021-11-03,disabled-desactive,blocked-bloque,0
2021-11-03,disabled-desactive,granted-autorise,0
2021-11-03,disabled-desactive,denied-refuse,0
2021-11-04,enabled-active,blocked-bloque,0
2021-11-04,enabled-active,granted-autorise,0
2021-11-04,enabled-active,denied-refuse,0
2021-11-04,disabled-desactive,blocked-bloque,0
2021-11-04,disabled-desactive,granted-autorise,0
2021-11-04,disabled-desactive,denied-refuse,0
2021-11-05,enabled-active,blocked-bloque,0
2021-11-05,enabled-active,granted-autorise,0
2021-11-05,enabled-active,denied-refuse,0
2021-11-05,disabled-desactive,blocked-bloque,0
2021-11-05,disabled-desactive,granted-autorise,0
2021-11-05,disabled-desactive,denied-refuse,0
2021-11-06,enabled-active,blocked-bloque,0
2021-11-06,enabled-active,granted-autorise,0
2021-11-06,enabled-active,denied-refuse,0
2021-11-06,disabled-desactive,blocked-bloque,0
2021-11-06,disabled-desactive,granted-autorise,0
2021-11-06,disabled-desactive,denied-refuse,0
2021-11-07,enabled-active,blocked-bloque,0
2021-11-07,enabled-active,granted-autorise,0
2021-11-07,enabled-active,denied-refuse,0
2021-11-07,disabled-desactive,blocked-bloque,0
2021-11-07,disabled-desactive,granted-autorise,0
2021-11-07,disabled-desactive,denied-refuse,0
2021-11-08,enabled-active,blocked-bloque,0
2021-11-08,enabled-active,granted-autorise,0
2021-11-08,enabled-active,denied-refuse,0
2021-11-08,disabled-desactive,blocked-bloque,0
2021-11-08,disabled-desactive,granted-autorise,0
2021-11-08,disabled-desactive,denied-refuse,0
2021-11-09,enabled-active,blocked-bloque,0
2021-11-09,enabled-active,granted-autorise,0
2021-11-09,enabled-active,denied-refuse,0
2021-11-09,disabled-desactive,blocked-bloque,0
2021-11-09,disabled-desactive,granted-autorise,0
2021-11-09,disabled-desactive,denied-refuse,0
2021-11-10,enabled-active,blocked-bloque,0
2021-11-10,enabled-active,granted-autorise,0
2021-11-10,enabled-active,denied-refuse,0
2021-11-10,disabled-desactive,blocked-bloque,0
2021-11-10,disabled-desactive,granted-autorise,0
2021-11-10,disabled-desactive,denied-refuse,0
2021-11-11,enabled-active,blocked-bloque,0
2021-11-11,enabled-active,granted-autorise,0
2021-11-11,enabled-active,denied-refuse,0
2021-11-11,disabled-desactive,blocked-bloque,0
2021-11-11,disabled-desactive,granted-autorise,0
2021-11-11,disabled-desactive,denied-refuse,0
2021-11-12,enabled-active,blocked-bloque,0
2021-11-12,enabled-active,granted-autorise,0
2021-11-12,enabled-active,denied-refuse,0
2021-11-12,disabled-desactive,blocked-bloque,0
2021-11-12,disabled-desactive,granted-autorise,0
2021-11-12,disabled-desactive,denied-refuse,0
2021-11-13,enabled-active,blocked-bloque,0
2021-11-13,enabled-active,granted-autorise,0
2021-11-13,enabled-active,denied-refuse,0
2021-11-13,disabled-desactive,blocked-bloque,0
2021-11-13,disabled-desactive,granted-autorise,0
2021-11-13,disabled-desactive,denied-refuse,0
2021-11-14,enabled-active,blocked-bloque,0
2021-11-14,enabled-active,granted-autorise,0
2021-11-14,enabled-active,denied-refuse,0
2021-11-14,disabled-desactive,blocked-bloque,0
2021-11-14,disabled-desactive,granted-autorise,0
2021-11-14,disabled-desactive,denied-refuse,0
2021-11-15,enabled-active,blocked-bloque,0
2021-11-15,enabled-active,granted-autorise,0
2021-11-15,enabled-active,denied-refuse,0
2021-11-15,disabled-desactive,blocked-bloque,0
2021-11-15,disabled-desactive,granted-autorise,0
2021-11-15,disabled-desactive,denied-refuse,0
2021-11-16,enabled-active,blocked-bloque,0
2021-11-16,enabled-active,granted-autorise,0
2021-11-16,enabled-active,denied-refuse,0
2021-11-16,disabled-desactive,blocked-bloque,0
2021-11-16,disabled-desactive,granted-autorise,0
2021-11-16,disabled-desactive,denied-refuse,0
